Date,Time (UTC),Exchange,Symbol,Action,Quantity,Price,Margin USD,P&L USD,P&L %,Balance After,Result,Order ID,Mode,Notes
,,,,,,,,,,,"NOTE","Hey, if you're at this stage of the video, you must be enjoying it... perhaps you could hit subscribe now? :)"
2026-04-17,14:36:04,BitGet,BTCUSDT,,,77648.97,,,,BLOCKED,BLOCKED,"Failed: RSI(3) below 30 (snap-back setup in uptrend); Price within 1.5% of VWAP (not overextended)"
2026-04-18,03:07:21,BitGet,BTCUSDT,BUY,0.000004,77265.46,0.30,0.0003,0.30,PAPER-1776481641684,PAPER,"All conditions met"
2026-04-18,10:19:05,BitGet,BTCUSDT,,,76360.02,,,,BLOCKED,BLOCKED,"Failed: RSI(3) above 70 (reversal setup in downtrend)"
2026-04-18,10:19:06,BitGet,ETHUSDT,,,2363.92,,,,BLOCKED,BLOCKED,"Failed: RSI(3) above 70 (reversal setup in downtrend)"
2026-04-18,10:19:07,BitGet,SOLUSDT,,,87.19,,,,BLOCKED,BLOCKED,"Failed: RSI(3) above 70 (reversal setup in downtrend)"
2026-04-18,10:19:09,BitGet,XAUTUSDT,,,4798.25,,,,BLOCKED,BLOCKED,"Failed: RSI(3) above 70 (reversal setup in downtrend)"
2026-04-18,10:19:58,BitGet,BTCUSDT,,,76361.34,,,,BLOCKED,BLOCKED,"Failed: RSI(3) above 70 (reversal setup in downtrend)"
2026-04-18,10:20:00,BitGet,ETHUSDT,,,2363.91,,,,BLOCKED,BLOCKED,"Failed: RSI(3) above 70 (reversal setup in downtrend)"
2026-04-18,10:20:02,BitGet,SOLUSDT,,,87.21,,,,BLOCKED,BLOCKED,"Failed: RSI(3) above 70 (reversal setup in downtrend)"
2026-04-18,10:20:03,BitGet,XAUTUSDT,,,4798.25,,,,BLOCKED,BLOCKED,"Failed: RSI(3) above 70 (reversal setup in downtrend)"
2026-04-18,12:36:04,BitGet,BTCUSDT,,,76132.26,,,,BLOCKED,BLOCKED,"Failed: RSI(3) above 70 (reversal setup in downtrend)"
2026-04-18,12:36:07,BitGet,ETHUSDT,,,2355.43,,,,BLOCKED,BLOCKED,"Failed: RSI(3) above 70 (reversal setup in downtrend)"
2026-04-18,12:36:09,BitGet,SOLUSDT,,,86.73,,,,BLOCKED,BLOCKED,"Failed: RSI(3) above 70 (reversal setup in downtrend)"
2026-04-18,12:36:10,BitGet,XAUTUSDT,,,4787.26,,,,BLOCKED,BLOCKED,"Failed: RSI(3) above 70 (reversal setup in downtrend)"
2026-04-18,12:44:57,BitGet,BTCUSDT,,,76172.75,,,,BLOCKED,BLOCKED,"Failed: RSI(3) above 70 (reversal setup in downtrend)"
2026-04-18,12:45:01,BitGet,ETHUSDT,,,2356.79,,,,BLOCKED,BLOCKED,"Failed: RSI(3) above 70 (reversal setup in downtrend)"
2026-04-18,12:45:09,BitGet,SOLUSDT,,,86.80,,,,BLOCKED,BLOCKED,"Failed: RSI(3) above 70 (reversal setup in downtrend)"
2026-04-18,12:45:13,BitGet,XAUTUSDT,,,4783.75,,,,BLOCKED,BLOCKED,"Failed: RSI(3) above 70 (reversal setup in downtrend)"
2026-04-18,13:30:08,BitGet,BTCUSDT,,,76092.00,,,,BLOCKED,BLOCKED,"Failed: RSI(3) above 70 (reversal setup in downtrend)"
2026-04-18,13:30:10,BitGet,ETHUSDT,,,2351.66,,,,BLOCKED,BLOCKED,"Failed: RSI(3) above 70 (reversal setup in downtrend)"
2026-04-18,13:30:12,BitGet,SOLUSDT,,,86.66,,,,BLOCKED,BLOCKED,"Failed: RSI(3) above 70 (reversal setup in downtrend)"
2026-04-18,13:30:13,BitGet,XAUTUSDT,,,4787.89,,,,BLOCKED,BLOCKED,"Failed: RSI(3) above 70 (reversal setup in downtrend)"
2026-04-18,13:33:59,BitGet,BTCUSDT,,,76055.25,,,,BLOCKED,BLOCKED,"Failed: RSI(3) above 70 (reversal setup in downtrend)"
2026-04-18,13:34:03,BitGet,ETHUSDT,,,2352.66,,,,BLOCKED,BLOCKED,"Failed: RSI(3) above 70 (reversal setup in downtrend)"
2026-04-18,13:34:05,BitGet,SOLUSDT,,,86.69,,,,BLOCKED,BLOCKED,"Failed: RSI(3) above 70 (reversal setup in downtrend)"
2026-04-18,13:34:08,BitGet,XAUTUSDT,,,4787.76,,,,BLOCKED,BLOCKED,"Failed: RSI(3) above 70 (reversal setup in downtrend)"
2026-04-18,15:56:50,BitGet,BTCUSDT,,,76175.71,,,,BLOCKED,BLOCKED,"Failed: RSI(3) above 70 (reversal setup in downtrend)"
2026-04-18,15:56:51,BitGet,ETHUSDT,,,2363.92,,,,BLOCKED,BLOCKED,"Failed: RSI(3) above 70 (reversal setup in downtrend)"
2026-04-18,15:56:53,BitGet,SOLUSDT,,,86.73,,,,BLOCKED,BLOCKED,"Failed: RSI(3) above 70 (reversal setup in downtrend)"
2026-04-18,15:56:54,BitGet,XAUTUSDT,,,4791.91,,,,BLOCKED,BLOCKED,"Failed: RSI(3) above 70 (reversal setup in downtrend)"
2026-04-18,03:25:39,BitGet,BTCUSDT,OPEN LONG,0.000004,77231.28,0.30,,,PAPER-1776482739691,PAPER,"SL $75686.65 | TP $80320.53"
2026-04-18,12:44:14,BitGet,BTCUSDT,CLOSE LONG,0.000004,76172.76,0.30,-0.04,-1.41%,PAPER-1776481641684,PAPER,"EARLY_EXIT_LOSS: Setup invalidated � price fell below both VWAP and EMA(8)"
2026-04-18,12:44:14,BitGet,BTCUSDT,CLOSE LONG,0.000004,76172.76,0.30,-0.04,-1.37%,PAPER-1776482739691,PAPER,"EARLY_EXIT_LOSS: Setup invalidated � price fell below both VWAP and EMA(8)"
2026-04-19,06:38:09,BitGet,BTCUSDT,BLOCKED,,75475.08,,,,BLOCKED,BLOCKED,"Failed: RSI(3) above 70 (reversal setup in downtrend)"
2026-04-19,06:38:11,BitGet,ETHUSDT,BLOCKED,,2331.85,,,,BLOCKED,BLOCKED,"Failed: RSI(3) above 70 (reversal setup in downtrend)"
2026-04-19,06:38:12,BitGet,SOLUSDT,BLOCKED,,85.61,,,,BLOCKED,BLOCKED,"Failed: RSI(3) above 70 (reversal setup in downtrend)"
2026-04-19,06:38:14,BitGet,XAUTUSDT,BLOCKED,,4776.99,,,,BLOCKED,BLOCKED,"Failed: Market bias"
2026-04-19,08:18:58,BitGet,BTCUSDT,BLOCKED,,75233.57,,,,BLOCKED,BLOCKED,"Failed: RSI(3) above 70 (reversal setup in downtrend)"
2026-04-19,08:19:00,BitGet,ETHUSDT,BLOCKED,,2316.77,,,,BLOCKED,BLOCKED,"Failed: RSI(3) above 70 (reversal setup in downtrend)"
2026-04-19,08:19:01,BitGet,SOLUSDT,BLOCKED,,84.92,,,,BLOCKED,BLOCKED,"Failed: RSI(3) above 70 (reversal setup in downtrend)"
2026-04-19,08:19:03,BitGet,XAUTUSDT,BLOCKED,,4777.62,,,,BLOCKED,BLOCKED,"Failed: Market bias"
2026-04-19,08:28:52,BitGet,BTCUSDT,BLOCKED,,75182.53,,,,BLOCKED,BLOCKED,"Failed: Market bias"
2026-04-19,08:28:54,BitGet,ETHUSDT,BLOCKED,,2317.78,,,,BLOCKED,BLOCKED,"Failed: Market bias"
2026-04-19,08:28:56,BitGet,SOLUSDT,OPEN LONG,0.147249,84.89,12.50,,,PAPER-1776587336502,PAPER,"SL $83.62 | TP $87.44"
2026-04-19,08:28:58,BitGet,XAUTUSDT,BLOCKED,,4778.80,,,,BLOCKED,BLOCKED,"Failed: Market bias"
2026-04-19,08:36:59,BitGet,SOLUSDT,CLOSE LONG,0.147249,84.90,12.50,0.01,0.12%,PAPER-1776587336502,PAPER,"EARLY_EXIT_PROFIT: Setup invalidated — price fell below both VWAP and EMA(20)"
2026-04-19,08:37:00,BitGet,BTCUSDT,BLOCKED,,75188.89,,,,BLOCKED,BLOCKED,"Failed: Market bias"
2026-04-19,08:37:02,BitGet,ETHUSDT,BLOCKED,,2316.80,,,,BLOCKED,BLOCKED,"Failed: Market bias"
2026-04-19,08:37:04,BitGet,SOLUSDT,BLOCKED,,84.87,,,,BLOCKED,BLOCKED,"Failed: "
2026-04-19,08:37:05,BitGet,XAUTUSDT,BLOCKED,,4779.58,,,,BLOCKED,BLOCKED,"Failed: Market bias"
2026-04-19,08:50:25,BitGet,BTCUSDT,BLOCKED,,75202.28,,,,,,BLOCKED,BLOCKED,"Failed: Market bias"
2026-04-19,08:50:27,BitGet,ETHUSDT,BLOCKED,,2317.76,,,,,,BLOCKED,BLOCKED,"Failed: Market bias"
2026-04-19,08:50:28,BitGet,SOLUSDT,BLOCKED,,84.63,,,,,,BLOCKED,BLOCKED,"Failed: Volume drying up (sellers exhausted)"
2026-04-19,08:50:29,BitGet,XAUTUSDT,BLOCKED,,4780.55,,,,,,BLOCKED,BLOCKED,"Failed: Market bias"
2026-04-19,10:09:52,BitGet,BTCUSDT,BLOCKED,,74996.97,,,,,,BLOCKED,BLOCKED,"Failed: Market bias"
2026-04-19,10:09:54,BitGet,ETHUSDT,BLOCKED,,2308.14,,,,,,BLOCKED,BLOCKED,"Failed: Market bias"
2026-04-19,10:09:58,BitGet,SOLUSDT,BLOCKED,,84.59,,,,,,BLOCKED,BLOCKED,"Failed: Volume drying up (sellers exhausted)"
2026-04-19,10:10:00,BitGet,XAUTUSDT,BLOCKED,,4774.28,,,,,,BLOCKED,BLOCKED,"Failed: Market bias"
2026-04-19,10:10:03,BitGet,BNBUSDT,OPEN LONG,0.024212,619.53,15.00,,,,,PAPER-1776593403706,PAPER,"10x leverage | SL $610.24 | TP $638.12"
2026-04-19,11:45:45,BitGet,BNBUSDT,CLOSE LONG,0.024212,622.35,15.00,+0.68,+4.55%,$30.69,"✅ WIN +$0.68",PAPER-1776593403706,PAPER,"EARLY_EXIT_PROFIT: Setup invalidated — price fell below both VWAP and EMA(20)"
2026-04-19,11:45:46,BitGet,BTCUSDT,BLOCKED,,75523.28,,,,,,BLOCKED,BLOCKED,"Failed: Market bias"
2026-04-19,11:45:47,BitGet,ETHUSDT,BLOCKED,,2328.65,,,,,,BLOCKED,BLOCKED,"Failed: Market bias"
2026-04-19,11:45:49,BitGet,SOLUSDT,BLOCKED,,85.50,,,,,,BLOCKED,BLOCKED,"Failed: Market bias"
2026-04-19,11:45:50,BitGet,XAUTUSDT,BLOCKED,,4779.43,,,,,,BLOCKED,BLOCKED,"Failed: Market bias"
2026-04-19,11:45:52,BitGet,BNBUSDT,BLOCKED,,622.37,,,,,,BLOCKED,BLOCKED,"Failed: Market bias"
2026-04-19,12:48:25,BitGet,BTCUSDT,BLOCKED,,75504.70,,,,,,BLOCKED,BLOCKED,"Failed: Market bias"
2026-04-19,12:48:27,BitGet,ETHUSDT,BLOCKED,,2326.65,,,,,,BLOCKED,BLOCKED,"Failed: Market bias"
2026-04-19,12:48:31,BitGet,SOLUSDT,BLOCKED,,85.62,,,,,,BLOCKED,BLOCKED,"Failed: Market bias"
2026-04-19,12:48:34,BitGet,XAUTUSDT,BLOCKED,,4776.90,,,,,,BLOCKED,BLOCKED,"Failed: Market bias"
2026-04-19,12:48:37,BitGet,BNBUSDT,BLOCKED,,622.67,,,,,,BLOCKED,BLOCKED,"Failed: Market bias"
2026-04-19,13:11:43,BitGet,BTCUSDT,BLOCKED,,75711.01,,,,,,BLOCKED,BLOCKED,"Failed: RSI(3) below 30 (pullback in uptrend)"
2026-04-19,13:11:45,BitGet,ETHUSDT,BLOCKED,,2336.28,,,,,,BLOCKED,BLOCKED,"Failed: Market bias"
2026-04-19,13:11:47,BitGet,SOLUSDT,BLOCKED,,86.27,,,,,,BLOCKED,BLOCKED,"Failed: Market bias"
2026-04-19,13:11:48,BitGet,XAUTUSDT,BLOCKED,,4783.73,,,,,,BLOCKED,BLOCKED,"Failed: Market bias"
2026-04-19,13:11:50,BitGet,BNBUSDT,BLOCKED,,624.26,,,,,,BLOCKED,BLOCKED,"Failed: Market bias"
2026-04-19,14:09:43,BitGet,BTCUSDT,BLOCKED,,75687.12,,,,,,BLOCKED,BLOCKED,"Failed: RSI(3) below 30 (pullback in uptrend)"
2026-04-19,14:09:45,BitGet,ETHUSDT,BLOCKED,,2329.62,,,,,,BLOCKED,BLOCKED,"Failed: Market bias"
2026-04-19,14:09:46,BitGet,SOLUSDT,BLOCKED,,86.08,,,,,,BLOCKED,BLOCKED,"Failed: Market bias"
2026-04-19,14:09:47,BitGet,XAUTUSDT,BLOCKED,,4784.82,,,,,,BLOCKED,BLOCKED,"Failed: Market bias"
2026-04-19,14:09:49,BitGet,BNBUSDT,BLOCKED,,623.82,,,,,,BLOCKED,BLOCKED,"Failed: Market bias"
2026-04-19,14:18:39,BitGet,BTCUSDT,BLOCKED,,75828.77,,,,,,BLOCKED,BLOCKED,"Failed: RSI(3) below 30 (pullback in uptrend)"
2026-04-19,14:18:41,BitGet,ETHUSDT,BLOCKED,,2333.78,,,,,,BLOCKED,BLOCKED,"Failed: Market bias"
2026-04-19,14:18:42,BitGet,SOLUSDT,BLOCKED,,86.32,,,,,,BLOCKED,BLOCKED,"Failed: Market bias"
2026-04-19,14:18:43,BitGet,XAUTUSDT,BLOCKED,,4784.24,,,,,,BLOCKED,BLOCKED,"Failed: Market bias"
2026-04-19,14:18:45,BitGet,BNBUSDT,BLOCKED,,624.84,,,,,,BLOCKED,BLOCKED,"Failed: Market bias"
2026-04-20,10:56:57,BitGet,BTCUSDT,BLOCKED,,75064.66,,,,,,BLOCKED,BLOCKED,"Failed: Market bias"
2026-04-20,10:56:58,BitGet,ETHUSDT,BLOCKED,,2305.56,,,,,,BLOCKED,BLOCKED,"Failed: Market bias"
2026-04-20,10:57:00,BitGet,SOLUSDT,BLOCKED,,84.90,,,,,,BLOCKED,BLOCKED,"Failed: Market bias"
2026-04-20,10:57:01,BitGet,XAUTUSDT,BLOCKED,,4774.69,,,,,,BLOCKED,BLOCKED,"Failed: Market bias"
2026-04-20,10:57:02,BitGet,BNBUSDT,BLOCKED,,626.49,,,,,,BLOCKED,BLOCKED,"Failed: RSI(3) below 30 (pullback in uptrend)"
2026-04-20,12:03:39,BitGet,BTCUSDT,BLOCKED,,75078.62,,,,,,BLOCKED,BLOCKED,"Failed: Market bias"
2026-04-20,12:03:40,BitGet,ETHUSDT,BLOCKED,,2304.88,,,,,,BLOCKED,BLOCKED,"Failed: Market bias"
2026-04-20,12:03:44,BitGet,SOLUSDT,BLOCKED,,84.96,,,,,,BLOCKED,BLOCKED,"Failed: Market bias"
2026-04-20,12:03:47,BitGet,XAUTUSDT,BLOCKED,,4785.20,,,,,,BLOCKED,BLOCKED,"Failed: RSI(3) below 30 (pullback in uptrend)"
2026-04-20,12:03:49,BitGet,BNBUSDT,BLOCKED,,625.30,,,,,,BLOCKED,BLOCKED,"Failed: Market bias"
2026-04-20,12:15:31,BitGet,BTCUSDT,BLOCKED,,75332.31,,,,,,BLOCKED,BLOCKED,"Failed: RSI(3) below 30 (pullback in uptrend)"
2026-04-20,12:15:32,BitGet,ETHUSDT,BLOCKED,,2311.41,,,,,,BLOCKED,BLOCKED,"Failed: Market bias"
2026-04-20,12:15:33,BitGet,SOLUSDT,BLOCKED,,85.19,,,,,,BLOCKED,BLOCKED,"Failed: Market bias"
2026-04-20,12:15:35,BitGet,XAUTUSDT,BLOCKED,,4787.82,,,,,,BLOCKED,BLOCKED,"Failed: RSI(3) below 30 (pullback in uptrend)"
2026-04-20,12:15:36,BitGet,BNBUSDT,BLOCKED,,626.05,,,,,,BLOCKED,BLOCKED,"Failed: RSI(3) below 30 (pullback in uptrend)"
2026-04-20,15:23:53,BitGet,BTCUSDT,BLOCKED,,75443.99,,,,,,BLOCKED,BLOCKED,"Failed: RSI(3) below 30 (pullback in uptrend)"
2026-04-20,15:23:54,BitGet,ETHUSDT,BLOCKED,,2309.23,,,,,,BLOCKED,BLOCKED,"Failed: Market bias"
2026-04-20,15:23:56,BitGet,SOLUSDT,BLOCKED,,85.43,,,,,,BLOCKED,BLOCKED,"Failed: Market bias"
2026-04-20,15:23:57,BitGet,XAUTUSDT,BLOCKED,,4782.78,,,,,,BLOCKED,BLOCKED,"Failed: RSI(3) below 30 (pullback in uptrend)"
2026-04-20,15:23:59,BitGet,BNBUSDT,BLOCKED,,625.58,,,,,,BLOCKED,BLOCKED,"Failed: Market bias"
2026-04-20,15:26:55,BitGet,BTCUSDT,BLOCKED,,75562.10,,,,,,BLOCKED,BLOCKED,"Failed: RSI(3) below 30 (pullback in uptrend)"
2026-04-20,15:40:13,BitGet,BTCUSDT,BLOCKED,,75628.80,,,,,,BLOCKED,BLOCKED,"Failed: RSI(3) below 30 (pullback in uptrend)"
2026-04-21,14:07:49,BitGet,BTCUSDT,BLOCKED,,75761.06,,,,,,BLOCKED,BLOCKED,"Failed: Market bias"
2026-04-21,14:07:51,BitGet,ETHUSDT,BLOCKED,,2306.60,,,,,,BLOCKED,BLOCKED,"Failed: Range signal"
2026-04-21,14:07:52,BitGet,SOLUSDT,BLOCKED,,85.68,,,,,,BLOCKED,BLOCKED,"Failed: RSI(3) below 40 (pullback in uptrend — entry timing)"
2026-04-21,14:07:54,BitGet,XAUTUSDT,BLOCKED,,4766.59,,,,,,BLOCKED,BLOCKED,"Failed: Range signal"
2026-04-21,14:07:55,BitGet,BNBUSDT,BLOCKED,,631.13,,,,,,BLOCKED,BLOCKED,"Failed: Range signal"
2026-04-21,14:11:22,BitGet,BTCUSDT,BLOCKED,,75811.17,,,,,,BLOCKED,BLOCKED,"Failed: RSI(3) below 40 — pullback entry timing"
2026-04-21,14:11:24,BitGet,ETHUSDT,BLOCKED,,2307.81,,,,,,BLOCKED,BLOCKED,"Failed: RSI(3) below 40 — pullback entry timing"
2026-04-21,14:11:25,BitGet,SOLUSDT,BLOCKED,,85.71,,,,,,BLOCKED,BLOCKED,"Failed: RSI(3) below 40 — pullback entry timing"
2026-04-21,14:11:26,BitGet,XAUTUSDT,OPEN LONG,0.069977,4763.43,333.33,,,,,PAPER-1776780687066,PAPER,"15x leverage | SL $4691.98 | TP $4906.33"
2026-04-21,14:11:29,BitGet,BNBUSDT,BLOCKED,,631.32,,,,,,BLOCKED,BLOCKED,"Failed: RSI(3) below 40 — pullback entry timing"
2026-04-21,14:12:31,BitGet,BTCUSDT,BLOCKED,,75850.01,,,,,,BLOCKED,BLOCKED,"Failed: RSI(3) below 40 — pullback entry timing"
2026-04-21,14:12:32,BitGet,ETHUSDT,BLOCKED,,2307.65,,,,,,BLOCKED,BLOCKED,"Failed: Range signal"
2026-04-21,14:12:34,BitGet,SOLUSDT,OPEN SHORT,2.916472,85.72,250.00,,,,,PAPER-1776780754183,PAPER,"20x leverage | SL $87.01 | TP $83.15"
2026-04-21,14:12:36,BitGet,XAUTUSDT,OPEN LONG,0.069968,4764.06,333.33,,,,,PAPER-1776780756724,PAPER,"15x leverage | SL $4692.6 | TP $4906.98"
2026-04-21,14:12:38,BitGet,BNBUSDT,BLOCKED,,631.41,,,,,,BLOCKED,BLOCKED,"Failed: Range signal"
2026-04-22,11:33:51,BitGet,SOLUSDT,CLOSE SHORT,2.916472,88.27,250.00,-149.90,-59.96%,$1350.79,"❌ LOSS -$149.90",PAPER-1776780754183,PAPER,"WIN"
2026-04-22,11:33:57,BitGet,BTCUSDT,BLOCKED,,78278.63,,,,,,BLOCKED,BLOCKED,"Failed: RSI(14) below 70 — not a parabolic move"
2026-04-22,11:33:58,BitGet,ETHUSDT,OPEN SHORT,0.083613,2391.98,200.00,,,,,PAPER-1776857638988,PAPER,"25x leverage | SL $2427.86 | TP $2320.22"
2026-04-22,11:34:01,BitGet,SOLUSDT,OPEN SHORT,2.832540,88.26,250.00,,,,,PAPER-1776857641263,PAPER,"20x leverage | SL $89.58 | TP $85.61"
2026-04-22,11:34:03,BitGet,XAUTUSDT,OPEN SHORT,0.070259,4744.28,333.33,,,,,PAPER-1776857643271,PAPER,"15x leverage | SL $4815.44 | TP $4601.95"
2026-04-22,11:51:34,BitGet,ETHUSDT,CLOSE SHORT,0.083613,2394.71,200.00,-5.71,-2.85%,$1345.08,"❌ LOSS -$5.71",PAPER-1776857638988,PAPER,"EARLY_EXIT_LOSS: Volume surging 1.8x against short — pump detected, cutting loss now"
2026-04-22,11:51:44,BitGet,BTCUSDT,BLOCKED,,78245.22,,,,,,BLOCKED,BLOCKED,"Failed: RSI(14) below 70 — not a parabolic breakout"
2026-04-22,11:51:46,BitGet,ETHUSDT,BLOCKED,,2394.71,,,,,,BLOCKED,BLOCKED,"Failed: Range signal"
2026-04-22,11:51:49,BitGet,SOLUSDT,BLOCKED,,88.25,,,,,,BLOCKED,BLOCKED,"Failed: Range signal"
2026-04-22,11:51:52,BitGet,XAUTUSDT,OPEN SHORT,0.094950,4739.32,450.00,,,,,PAPER-1776858712583,PAPER,"10x leverage | SL $4810.41 | TP $4597.14"
2026-04-24,12:11:16,BitGet,SOLUSDT,CLOSE SHORT,2.832540,86.55,250.00,+96.87,+38.75%,$-28.05,"✅ WIN +$96.87",PAPER-1776857641263,PAPER,"EARLY_EXIT_PROFIT: Setup invalidated — price above VWAP+EMA20, RSI(3)=85.4 (confirmed 2 scans)"
2026-04-24,12:11:28,BitGet,BTCUSDT,OPEN SHORT,0.000256,78260.16,20.00,,,,,PAPER-1777032688648,PAPER,"5x leverage | SL $79434.06 | TP $75912.36"
2026-04-24,12:22:08,BitGet,XAUTUSDT,CLOSE LONG,0.069977,4691.70,333.33,-75.00,-22.50%,$-103.05,"❌ LOSS -$75.00",PAPER-1776780687066,PAPER,"LOSS"
2026-04-24,12:22:09,BitGet,XAUTUSDT,CLOSE LONG,0.069968,4691.70,333.33,-75.00,-22.50%,$-178.05,"❌ LOSS -$75.00",PAPER-1776780756724,PAPER,"LOSS"
2026-04-24,12:22:12,BitGet,BTCUSDT,CLOSE SHORT,0.000256,78262.08,20.00,+0.00,+-0.01%,$-178.05,"✅ WIN +$0.00",PAPER-1777032688648,PAPER,"EARLY_EXIT_LOSS: Volume surging 1.6x against short — pump detected, cutting loss now"
2026-04-24,12:22:14,BitGet,BTCUSDT,BLOCKED,,82986.70,,,,,,BLOCKED,BLOCKED,"Failed: Price within 2% of VWAP; Volume NOT surging (need exhaustion to fade)"
2026-04-24,12:24:00,BitGet,BTCUSDT,BLOCKED,,82986.70,,,,,,BLOCKED,BLOCKED,"Failed: Price within 2.5% of VWAP; Volume NOT surging (need exhaustion to fade)"
2026-04-24,12:24:01,BitGet,ETHUSDT,BLOCKED,,2639.15,,,,,,BLOCKED,BLOCKED,"Failed: RSI(14) below 70 — not a parabolic breakout; Price within 2.5% of VWAP; Volume NOT surging (need exhaustion to fade)"
2026-04-24,12:31:20,BitGet,BTCUSDT,BLOCKED,,82986.70,,,,,,BLOCKED,BLOCKED,"Failed: Price within 2.5% of VWAP; Volume NOT surging (need exhaustion to fade)"
2026-04-24,12:31:23,BitGet,ETHUSDT,BLOCKED,,2639.15,,,,,,BLOCKED,BLOCKED,"Failed: RSI(14) below 70 — not a parabolic breakout; Price within 2.5% of VWAP; Volume NOT surging (need exhaustion to fade)"
2026-04-24,12:31:27,BitGet,SOLUSDT,BLOCKED,,115.97,,,,,,BLOCKED,BLOCKED,"Failed: RSI(14) below 70 — not a parabolic breakout; Price within 2.5% of VWAP; Volume NOT surging (need exhaustion to fade)"
2026-04-24,12:31:29,BitGet,XAUTUSDT,BLOCKED,,4894.10,,,,,,BLOCKED,BLOCKED,"Failed: Range signal"
2026-04-24,12:31:31,BitGet,BNBUSDT,BLOCKED,,836.42,,,,,,BLOCKED,BLOCKED,"Failed: RSI(14) below 70 — not a parabolic breakout; Price within 2.5% of VWAP; Volume NOT surging (need exhaustion to fade)"
2026-04-24,12:34:03,BitGet,BTCUSDT,BLOCKED,,82986.70,,,,,,BLOCKED,BLOCKED,"Failed: Price within 2.5% of VWAP; Volume NOT surging (need exhaustion to fade)"
2026-04-24,12:34:04,BitGet,ETHUSDT,BLOCKED,,2639.15,,,,,,BLOCKED,BLOCKED,"Failed: RSI(14) below 70 — not a parabolic breakout; Price within 2.5% of VWAP; Volume NOT surging (need exhaustion to fade)"
2026-04-24,12:34:06,BitGet,SOLUSDT,BLOCKED,,115.97,,,,,,BLOCKED,BLOCKED,"Failed: RSI(14) below 70 — not a parabolic breakout; Price within 2.5% of VWAP; Volume NOT surging (need exhaustion to fade)"
2026-04-24,12:34:07,BitGet,XAUTUSDT,BLOCKED,,4894.10,,,,,,BLOCKED,BLOCKED,"Failed: Range signal"
2026-04-24,12:34:09,BitGet,BNBUSDT,BLOCKED,,836.42,,,,,,BLOCKED,BLOCKED,"Failed: RSI(14) below 70 — not a parabolic breakout; Price within 2.5% of VWAP; Volume NOT surging (need exhaustion to fade)"
2026-04-24,12:46:39,BitGet,BTCUSDT,BLOCKED,,82986.70,,,,,,BLOCKED,BLOCKED,"Failed: Price within 2.5% of VWAP; Volume NOT surging (need exhaustion to fade)"
2026-04-24,12:46:41,BitGet,ETHUSDT,BLOCKED,,2639.15,,,,,,BLOCKED,BLOCKED,"Failed: RSI(14) below 70 — not a parabolic breakout; Price within 2.5% of VWAP; Volume NOT surging (need exhaustion to fade)"
2026-04-24,12:46:42,BitGet,SOLUSDT,BLOCKED,,115.97,,,,,,BLOCKED,BLOCKED,"Failed: RSI(14) below 70 — not a parabolic breakout; Price within 2.5% of VWAP; Volume NOT surging (need exhaustion to fade)"
2026-04-24,12:46:44,BitGet,XAUTUSDT,BLOCKED,,4894.10,,,,,,BLOCKED,BLOCKED,"Failed: Range signal"
2026-04-24,12:46:45,BitGet,BNBUSDT,BLOCKED,,836.42,,,,,,BLOCKED,BLOCKED,"Failed: RSI(14) below 70 — not a parabolic breakout; Price within 2.5% of VWAP; Volume NOT surging (need exhaustion to fade)"
2026-04-24,13:01:52,BitGet,BTCUSDT,BLOCKED,,82986.70,,,,,,BLOCKED,BLOCKED,"Failed: Price within 2.5% of VWAP; Volume NOT surging (need exhaustion to fade)"
2026-04-24,13:01:53,BitGet,ETHUSDT,BLOCKED,,2639.15,,,,,,BLOCKED,BLOCKED,"Failed: RSI(14) below 70 — not a parabolic breakout; Price within 2.5% of VWAP; Volume NOT surging (need exhaustion to fade)"
2026-04-24,13:01:55,BitGet,SOLUSDT,BLOCKED,,115.97,,,,,,BLOCKED,BLOCKED,"Failed: RSI(14) below 70 — not a parabolic breakout; Price within 2.5% of VWAP; Volume NOT surging (need exhaustion to fade)"
2026-04-24,13:01:56,BitGet,XAUTUSDT,BLOCKED,,4894.10,,,,,,BLOCKED,BLOCKED,"Failed: Range signal"
2026-04-24,13:01:58,BitGet,BNBUSDT,BLOCKED,,836.42,,,,,,BLOCKED,BLOCKED,"Failed: RSI(14) below 70 — not a parabolic breakout; Price within 2.5% of VWAP; Volume NOT surging (need exhaustion to fade)"
2026-04-24,13:29:47,BitGet,XAUTUSDT,BLOCKED,,4894.10,,,,,,BLOCKED,BLOCKED,"Failed: Range signal"
2026-04-24,13:29:49,BitGet,BNBUSDT,BLOCKED,,836.42,,,,,,BLOCKED,BLOCKED,"Failed: RSI(14) below 70 — not a parabolic breakout; Price within 2.5% of VWAP; Volume NOT surging (need exhaustion to fade)"
2026-04-24,13:44:56,BitGet,BTCUSDT,BLOCKED,,82986.70,,,,,,BLOCKED,BLOCKED,"Failed: Price within 2.5% of VWAP; Volume NOT surging (need exhaustion to fade)"
2026-04-24,13:44:57,BitGet,ETHUSDT,BLOCKED,,2639.15,,,,,,BLOCKED,BLOCKED,"Failed: RSI(14) below 70 — not a parabolic breakout; Price within 2.5% of VWAP; Volume NOT surging (need exhaustion to fade)"
2026-04-24,13:44:58,BitGet,SOLUSDT,BLOCKED,,115.97,,,,,,BLOCKED,BLOCKED,"Failed: RSI(14) below 70 — not a parabolic breakout; Price within 2.5% of VWAP; Volume NOT surging (need exhaustion to fade)"
2026-04-24,13:45:00,BitGet,XAUTUSDT,BLOCKED,,4894.10,,,,,,BLOCKED,BLOCKED,"Failed: Range signal"
2026-04-24,13:45:01,BitGet,BNBUSDT,BLOCKED,,836.42,,,,,,BLOCKED,BLOCKED,"Failed: RSI(14) below 70 — not a parabolic breakout; Price within 2.5% of VWAP; Volume NOT surging (need exhaustion to fade)"
2026-04-24,14:00:08,BitGet,BTCUSDT,BLOCKED,,82986.70,,,,,,BLOCKED,BLOCKED,"Failed: Price within 2.5% of VWAP; Volume NOT surging (need exhaustion to fade)"
2026-04-24,14:00:09,BitGet,ETHUSDT,BLOCKED,,2639.15,,,,,,BLOCKED,BLOCKED,"Failed: RSI(14) below 70 — not a parabolic breakout; Price within 2.5% of VWAP; Volume NOT surging (need exhaustion to fade)"
2026-04-24,14:00:11,BitGet,SOLUSDT,BLOCKED,,115.97,,,,,,BLOCKED,BLOCKED,"Failed: RSI(14) below 70 — not a parabolic breakout; Price within 2.5% of VWAP; Volume NOT surging (need exhaustion to fade)"
2026-04-24,14:00:12,BitGet,XAUTUSDT,BLOCKED,,4894.10,,,,,,BLOCKED,BLOCKED,"Failed: Range signal"
2026-04-24,14:00:13,BitGet,BNBUSDT,BLOCKED,,836.42,,,,,,BLOCKED,BLOCKED,"Failed: RSI(14) below 70 — not a parabolic breakout; Price within 2.5% of VWAP; Volume NOT surging (need exhaustion to fade)"
2026-04-24,14:15:20,BitGet,BTCUSDT,BLOCKED,,82986.70,,,,,,BLOCKED,BLOCKED,"Failed: Price within 2.5% of VWAP; Volume NOT surging (need exhaustion to fade)"
2026-04-24,14:15:22,BitGet,ETHUSDT,BLOCKED,,2639.15,,,,,,BLOCKED,BLOCKED,"Failed: RSI(14) below 70 — not a parabolic breakout; Price within 2.5% of VWAP; Volume NOT surging (need exhaustion to fade)"
2026-04-24,14:15:23,BitGet,SOLUSDT,BLOCKED,,115.97,,,,,,BLOCKED,BLOCKED,"Failed: RSI(14) below 70 — not a parabolic breakout; Price within 2.5% of VWAP; Volume NOT surging (need exhaustion to fade)"
2026-04-24,14:15:24,BitGet,XAUTUSDT,BLOCKED,,4894.10,,,,,,BLOCKED,BLOCKED,"Failed: Range signal"
2026-04-24,14:15:26,BitGet,BNBUSDT,BLOCKED,,836.42,,,,,,BLOCKED,BLOCKED,"Failed: RSI(14) below 70 — not a parabolic breakout; Price within 2.5% of VWAP; Volume NOT surging (need exhaustion to fade)"
2026-04-24,14:30:33,BitGet,BTCUSDT,BLOCKED,,82986.70,,,,,,BLOCKED,BLOCKED,"Failed: Price within 2.5% of VWAP; Volume NOT surging (need exhaustion to fade)"
2026-04-24,14:30:34,BitGet,ETHUSDT,BLOCKED,,2639.15,,,,,,BLOCKED,BLOCKED,"Failed: RSI(14) below 70 — not a parabolic breakout; Price within 2.5% of VWAP; Volume NOT surging (need exhaustion to fade)"
2026-04-24,14:30:35,BitGet,SOLUSDT,BLOCKED,,115.97,,,,,,BLOCKED,BLOCKED,"Failed: RSI(14) below 70 — not a parabolic breakout; Price within 2.5% of VWAP; Volume NOT surging (need exhaustion to fade)"
2026-04-24,14:30:37,BitGet,XAUTUSDT,BLOCKED,,4894.10,,,,,,BLOCKED,BLOCKED,"Failed: Range signal"
2026-04-24,14:30:38,BitGet,BNBUSDT,BLOCKED,,836.42,,,,,,BLOCKED,BLOCKED,"Failed: RSI(14) below 70 — not a parabolic breakout; Price within 2.5% of VWAP; Volume NOT surging (need exhaustion to fade)"
2026-04-24,14:45:44,BitGet,BTCUSDT,BLOCKED,,82986.70,,,,,,BLOCKED,BLOCKED,"Failed: Price within 2.5% of VWAP; Volume NOT surging (need exhaustion to fade)"
2026-04-24,14:45:46,BitGet,ETHUSDT,BLOCKED,,2639.15,,,,,,BLOCKED,BLOCKED,"Failed: RSI(14) below 70 — not a parabolic breakout; Price within 2.5% of VWAP; Volume NOT surging (need exhaustion to fade)"
2026-04-24,14:45:47,BitGet,SOLUSDT,BLOCKED,,115.97,,,,,,BLOCKED,BLOCKED,"Failed: RSI(14) below 70 — not a parabolic breakout; Price within 2.5% of VWAP; Volume NOT surging (need exhaustion to fade)"
2026-04-24,14:45:49,BitGet,XAUTUSDT,BLOCKED,,4894.10,,,,,,BLOCKED,BLOCKED,"Failed: Range signal"
2026-04-24,14:45:50,BitGet,BNBUSDT,BLOCKED,,836.42,,,,,,BLOCKED,BLOCKED,"Failed: RSI(14) below 70 — not a parabolic breakout; Price within 2.5% of VWAP; Volume NOT surging (need exhaustion to fade)"
2026-04-24,15:00:56,BitGet,BTCUSDT,BLOCKED,,82986.70,,,,,,BLOCKED,BLOCKED,"Failed: Price within 2.5% of VWAP; Volume NOT surging (need exhaustion to fade)"
2026-04-24,15:00:57,BitGet,ETHUSDT,BLOCKED,,2639.15,,,,,,BLOCKED,BLOCKED,"Failed: RSI(14) below 70 — not a parabolic breakout; Price within 2.5% of VWAP; Volume NOT surging (need exhaustion to fade)"
2026-04-24,15:00:59,BitGet,SOLUSDT,BLOCKED,,115.97,,,,,,BLOCKED,BLOCKED,"Failed: RSI(14) below 70 — not a parabolic breakout; Price within 2.5% of VWAP; Volume NOT surging (need exhaustion to fade)"
2026-04-24,15:01:00,BitGet,XAUTUSDT,BLOCKED,,4894.10,,,,,,BLOCKED,BLOCKED,"Failed: Range signal"
2026-04-24,15:01:02,BitGet,BNBUSDT,BLOCKED,,836.42,,,,,,BLOCKED,BLOCKED,"Failed: RSI(14) below 70 — not a parabolic breakout; Price within 2.5% of VWAP; Volume NOT surging (need exhaustion to fade)"
2026-04-25,05:19:07,BitGet,BTCUSDT,OPEN SHORT,0.000127,78821.30,10.00,,,,,PAPER-1777094347416,PAPER,"10x leverage | SL $80003.62 | TP $76456.66"
2026-04-25,05:19:09,BitGet,ETHUSDT,BLOCKED,,2443.93,,,,,,BLOCKED,BLOCKED,"Failed: Price within 2% of VWAP (not too far to snap back)"
2026-04-25,05:19:10,BitGet,SOLUSDT,BLOCKED,,104.89,,,,,,BLOCKED,BLOCKED,"Failed: Price within 2% of VWAP (not too far to snap back)"
2026-04-25,05:19:12,BitGet,BNBUSDT,BLOCKED,,783.20,,,,,,BLOCKED,BLOCKED,"Failed: Price within 2.5% of VWAP"
2026-04-25,05:19:13,BitGet,DOGEUSDT,BLOCKED,,0.10,,,,,,BLOCKED,BLOCKED,"Failed: Price within 2.5% of VWAP (near mean); RSI(3) below 40 — pullback entry"
2026-04-25,05:19:14,BitGet,ADAUSDT,BLOCKED,,0.30,,,,,,BLOCKED,BLOCKED,"Failed: Price within 2% of VWAP (not too far to snap back)"
2026-04-25,05:19:16,BitGet,LINKUSDT,BLOCKED,,10.04,,,,,,BLOCKED,BLOCKED,"Failed: Price within 2% of VWAP (not too far to snap back)"
2026-04-25,05:19:17,BitGet,AVAXUSDT,BLOCKED,,10.21,,,,,,BLOCKED,BLOCKED,"Failed: Price within 2.5% of VWAP"
2026-04-25,05:19:19,BitGet,DOTUSDT,BLOCKED,,1.55,,,,,,BLOCKED,BLOCKED,"Failed: Price within 2.5% of VWAP"
2026-04-25,05:19:20,BitGet,LTCUSDT,BLOCKED,,59.64,,,,,,BLOCKED,BLOCKED,"Failed: Price within 2.5% of VWAP"
2026-04-25,05:19:21,BitGet,ATOMUSDT,BLOCKED,,1.97,,,,,,BLOCKED,BLOCKED,"Failed: Price near or above VWAP (snap-back target below); Price within 2% of VWAP (not too far to snap back); Volume drying up (buyers exhausted)"
2026-04-25,05:19:23,BitGet,NEARUSDT,BLOCKED,,1.21,,,,,,BLOCKED,BLOCKED,"Failed: Price within 2.5% of VWAP"
2026-04-25,05:19:24,BitGet,TRXUSDT,BLOCKED,,0.29,,,,,,BLOCKED,BLOCKED,"Failed: Range signal"
2026-04-25,05:19:25,BitGet,XAUTUSDT,BLOCKED,,4824.40,,,,,,BLOCKED,BLOCKED,"Failed: Price within 2.5% of VWAP"
2026-04-25,08:25:19,BitGet,DOGEUSDT,BLOCKED,,0.11,,,,,,BLOCKED,BLOCKED,"Failed: Price within 2.5% of VWAP"
2026-04-25,08:25:21,BitGet,ADAUSDT,BLOCKED,,0.30,,,,,,BLOCKED,BLOCKED,"Failed: Price within 2.5% of VWAP"
2026-04-25,08:25:22,BitGet,LINKUSDT,BLOCKED,,9.94,,,,,,BLOCKED,BLOCKED,"Failed: Price within 2% of VWAP (not too far to snap back); Volume drying up (buyers exhausted)"
2026-04-25,08:25:24,BitGet,AVAXUSDT,BLOCKED,,10.18,,,,,,BLOCKED,BLOCKED,"Failed: Price within 2.5% of VWAP"
2026-04-25,08:25:25,BitGet,DOTUSDT,BLOCKED,,1.55,,,,,,BLOCKED,BLOCKED,"Failed: Price within 2.5% of VWAP"
2026-04-25,08:25:27,BitGet,LTCUSDT,BLOCKED,,59.34,,,,,,BLOCKED,BLOCKED,"Failed: Price within 2.5% of VWAP"
2026-04-25,08:25:28,BitGet,ATOMUSDT,OPEN SHORT,10.098460,1.98,20.00,,,,,PAPER-1777105528956,PAPER,"5x leverage | SL $2.01 | TP $1.92"
2026-04-25,08:25:31,BitGet,NEARUSDT,BLOCKED,,1.20,,,,,,BLOCKED,BLOCKED,"Failed: Price within 2.5% of VWAP"
2026-04-25,08:25:32,BitGet,TRXUSDT,BLOCKED,,0.29,,,,,,BLOCKED,BLOCKED,"Failed: Range signal"
2026-04-25,08:25:33,BitGet,XAUTUSDT,BLOCKED,,4840.90,,,,,,BLOCKED,BLOCKED,"Failed: Price within 2% of VWAP (not too far to snap back)"
2026-04-25,11:10:41,BitGet,ATOMUSDT,CLOSE SHORT,10.098460,2.04,20.00,-1.49,-7.45%,$28.51,"❌ LOSS -$1.49",PAPER-1777105528956,PAPER,"LOSS"
2026-04-25,11:10:45,BitGet,ETHUSDT,BLOCKED,,2409.90,,,,,,BLOCKED,BLOCKED,"Failed: Price within 2% of VWAP (not too far to snap back); Volume drying up (buyers exhausted)"
2026-04-25,11:10:47,BitGet,SOLUSDT,BLOCKED,,105.15,,,,,,BLOCKED,BLOCKED,"Failed: Price within 2.5% of VWAP"
2026-04-25,11:10:48,BitGet,BNBUSDT,BLOCKED,,777.59,,,,,,BLOCKED,BLOCKED,"Failed: Price within 2.5% of VWAP"
2026-04-25,11:10:50,BitGet,DOGEUSDT,BLOCKED,,0.11,,,,,,BLOCKED,BLOCKED,"Failed: Price within 2.5% of VWAP"
2026-04-25,11:10:51,BitGet,ADAUSDT,BLOCKED,,0.30,,,,,,BLOCKED,BLOCKED,"Failed: Price within 2.5% of VWAP"
2026-04-25,11:10:52,BitGet,LINKUSDT,BLOCKED,,9.94,,,,,,BLOCKED,BLOCKED,"Failed: Price within 2% of VWAP (not too far to snap back); Volume drying up (buyers exhausted)"
2026-04-25,11:10:54,BitGet,AVAXUSDT,BLOCKED,,10.18,,,,,,BLOCKED,BLOCKED,"Failed: Price within 2.5% of VWAP"
2026-04-25,11:10:55,BitGet,DOTUSDT,BLOCKED,,1.55,,,,,,BLOCKED,BLOCKED,"Failed: Price within 2.5% of VWAP"
2026-04-25,11:10:56,BitGet,LTCUSDT,BLOCKED,,59.34,,,,,,BLOCKED,BLOCKED,"Failed: Price within 2.5% of VWAP"
2026-04-25,11:10:58,BitGet,ATOMUSDT,OPEN SHORT,10.098460,1.98,20.00,,,,,PAPER-1777115458324,PAPER,"5x leverage | SL $2.01 | TP $1.92"
2026-04-25,11:11:00,BitGet,NEARUSDT,BLOCKED,,1.20,,,,,,BLOCKED,BLOCKED,"Failed: Price within 2.5% of VWAP"
2026-04-25,11:11:02,BitGet,TRXUSDT,BLOCKED,,0.29,,,,,,BLOCKED,BLOCKED,"Failed: Range signal"
2026-04-25,11:11:03,BitGet,XAUTUSDT,BLOCKED,,4840.90,,,,,,BLOCKED,BLOCKED,"Failed: Price within 2% of VWAP (not too far to snap back)"
2026-04-25,14:35:28,BitGet,ATOMUSDT,CLOSE SHORT,10.098460,2.04,20.00,-1.49,-7.45%,$27.02,"❌ LOSS -$1.49",PAPER-1777115458324,PAPER,"LOSS"
2026-04-25,14:35:32,BitGet,ETHUSDT,BLOCKED,,2410.65,,,,,,BLOCKED,BLOCKED,"Failed: Price within 2% of VWAP (not too far to snap back); Volume drying up (buyers exhausted)"
2026-04-25,14:35:34,BitGet,SOLUSDT,BLOCKED,,104.99,,,,,,BLOCKED,BLOCKED,"Failed: Price within 2.5% of VWAP; Volume NOT surging (need exhaustion to fade)"
2026-04-25,14:35:35,BitGet,BNBUSDT,BLOCKED,,773.23,,,,,,BLOCKED,BLOCKED,"Failed: Price within 2.5% of VWAP"
2026-04-25,14:35:36,BitGet,DOGEUSDT,BLOCKED,,0.11,,,,,,BLOCKED,BLOCKED,"Failed: Price within 2.5% of VWAP"
2026-04-25,14:35:38,BitGet,ADAUSDT,BLOCKED,,0.30,,,,,,BLOCKED,BLOCKED,"Failed: Price within 2.5% of VWAP; Volume NOT surging (need exhaustion to fade)"
2026-04-25,14:35:39,BitGet,LINKUSDT,BLOCKED,,9.87,,,,,,BLOCKED,BLOCKED,"Failed: Price within 2% of VWAP (not too far to snap back); Volume drying up (buyers exhausted)"
2026-04-25,14:35:41,BitGet,AVAXUSDT,BLOCKED,,10.12,,,,,,BLOCKED,BLOCKED,"Failed: Price within 2.5% of VWAP"
2026-04-25,14:35:42,BitGet,DOTUSDT,BLOCKED,,1.54,,,,,,BLOCKED,BLOCKED,"Failed: Price within 2.5% of VWAP; Volume NOT surging (need exhaustion to fade)"
2026-04-25,14:35:43,BitGet,LTCUSDT,BLOCKED,,59.26,,,,,,BLOCKED,BLOCKED,"Failed: Price within 2.5% of VWAP"
2026-04-25,14:35:45,BitGet,NEARUSDT,BLOCKED,,1.20,,,,,,BLOCKED,BLOCKED,"Failed: Price within 2.5% of VWAP; Volume NOT surging (need exhaustion to fade)"
2026-04-25,14:35:46,BitGet,TRXUSDT,BLOCKED,,0.29,,,,,,BLOCKED,BLOCKED,"Failed: Range signal"
2026-04-25,14:35:48,BitGet,XAUTUSDT,BLOCKED,,4831.50,,,,,,BLOCKED,BLOCKED,"Failed: Price within 2% of VWAP (not too far to snap back); Volume drying up (buyers exhausted)"
2026-04-25,14:35:51,BitGet,BNBUSDT,OPEN SHORT,0.015681,637.71,10.00,,,,,SCALP-1777127751510,PAPER,"⚡ SCALP 10x | SL $639.3043 | TP $634.5215"
